Student_Index,Risk_Score,Risk_Level
0,0.2786,🟢 Low
1,0.4917,🟡 Medium
2,0.2229,🟢 Low
3,0.5452,🟡 Medium
4,0.7354,🔴 High
5,0.1565,🟢 Low
6,0.0641,🟢 Low
7,0.589,🟡 Medium
8,0.6018,🔴 High
9,0.6269,🔴 High
10,0.0919,🟢 Low
11,0.2236,🟢 Low
12,0.2115,🟢 Low
13,0.3953,🟡 Medium
14,0.1901,🟢 Low
15,0.2279,🟢 Low
16,0.8714,🔴 High
17,0.8541,🔴 High
18,0.2838,🟢 Low
19,0.8941,🔴 High
20,0.7752,🔴 High
21,0.2413,🟢 Low
22,0.7142,🔴 High
23,0.8234,🔴 High
24,0.6769,🔴 High
25,0.1392,🟢 Low
26,0.6502,🔴 High
27,0.6257,🔴 High
28,0.6924,🔴 High
29,0.3838,🟡 Medium
30,0.3549,🟡 Medium
31,0.1701,🟢 Low
32,0.6649,🔴 High
33,0.0707,🟢 Low
34,0.2734,🟢 Low
35,0.3783,🟡 Medium
36,0.5745,🟡 Medium
37,0.7681,🔴 High
38,0.6832,🔴 High
39,0.1886,🟢 Low
40,0.4731,🟡 Medium
41,0.1074,🟢 Low
42,0.3525,🟡 Medium
43,0.1239,🟢 Low
44,0.4517,🟡 Medium
45,0.0548,🟢 Low
46,0.2344,🟢 Low
47,0.2878,🟢 Low
48,0.7633,🔴 High
49,0.8313,🔴 High
50,0.2155,🟢 Low
51,0.8504,🔴 High
52,0.1219,🟢 Low
53,0.1174,🟢 Low
54,0.3282,🟢 Low
55,0.3403,🟢 Low
56,0.7438,🔴 High
57,0.9621,🔴 High
58,0.3211,🟢 Low
59,0.8423,🔴 High
60,0.043,🟢 Low
61,0.2413,🟢 Low
62,0.3322,🟢 Low
63,0.9193,🔴 High
64,0.1075,🟢 Low
65,0.2719,🟢 Low
66,0.7046,🔴 High
67,0.1364,🟢 Low
68,0.4109,🟡 Medium
69,0.0848,🟢 Low
70,0.3104,🟢 Low
71,0.5064,🟡 Medium
72,0.5882,🟡 Medium
73,0.2296,🟢 Low
74,0.7258,🔴 High
75,0.471,🟡 Medium
76,0.2355,🟢 Low
77,0.6055,🔴 High
78,0.3777,🟡 Medium
79,0.4012,🟡 Medium
80,0.7624,🔴 High
81,0.1399,🟢 Low
82,0.0308,🟢 Low
83,0.3429,🟢 Low
84,0.2707,🟢 Low
85,0.3804,🟡 Medium
86,0.4106,🟡 Medium
87,0.9679,🔴 High
88,0.6515,🔴 High
89,0.3316,🟢 Low
90,0.3008,🟢 Low
91,0.2446,🟢 Low
92,0.0654,🟢 Low
93,0.0383,🟢 Low
94,0.6327,🔴 High
95,0.1414,🟢 Low
96,0.2862,🟢 Low
97,0.2325,🟢 Low
98,0.8235,🔴 High
99,0.718,🔴 High
100,0.0605,🟢 Low
101,0.0362,🟢 Low
102,0.8083,🔴 High
103,0.3093,🟢 Low
104,0.1052,🟢 Low
105,0.3405,🟢 Low
106,0.1521,🟢 Low
107,0.3054,🟢 Low
108,0.2964,🟢 Low
109,0.7252,🔴 High
110,0.7513,🔴 High
111,0.6937,🔴 High
112,0.2139,🟢 Low
113,0.6164,🔴 High
114,0.5742,🟡 Medium
115,0.3304,🟢 Low
116,0.7347,🔴 High
117,0.4273,🟡 Medium
118,0.7521,🔴 High
119,0.2441,🟢 Low
120,0.159,🟢 Low
121,0.2172,🟢 Low
122,0.1394,🟢 Low
123,0.8831,🔴 High
124,0.2868,🟢 Low
125,0.7742,🔴 High
126,0.4281,🟡 Medium
127,0.6467,🔴 High
128,0.3532,🟡 Medium
129,0.2198,🟢 Low
130,0.5283,🟡 Medium
131,0.6404,🔴 High
132,0.0998,🟢 Low
133,0.1991,🟢 Low
134,0.2511,🟢 Low
135,0.3683,🟡 Medium
136,0.298,🟢 Low
137,0.1065,🟢 Low
138,0.2185,🟢 Low
139,0.928,🔴 High
140,0.7693,🔴 High
141,0.7493,🔴 High
142,0.5243,🟡 Medium
143,0.0765,🟢 Low
144,0.572,🟡 Medium
145,0.2756,🟢 Low
146,0.8868,🔴 High
147,0.8835,🔴 High
148,0.0976,🟢 Low
149,0.1929,🟢 Low
150,0.8678,🔴 High
151,0.0397,🟢 Low
152,0.707,🔴 High
153,0.7989,🔴 High
154,0.4189,🟡 Medium
155,0.8388,🔴 High
156,0.8413,🔴 High
157,0.8358,🔴 High
158,0.1123,🟢 Low
159,0.0991,🟢 Low
160,0.1978,🟢 Low
161,0.5944,🟡 Medium
162,0.0855,🟢 Low
163,0.8407,🔴 High
164,0.4591,🟡 Medium
165,0.6064,🔴 High
166,0.1053,🟢 Low
167,0.1517,🟢 Low
168,0.6775,🔴 High
169,0.2269,🟢 Low
170,0.0981,🟢 Low
171,0.401,🟡 Medium
172,0.1992,🟢 Low
173,0.3477,🟢 Low
174,0.5044,🟡 Medium
175,0.492,🟡 Medium
176,0.6712,🔴 High
177,0.5677,🟡 Medium
178,0.9303,🔴 High
179,0.0747,🟢 Low
180,0.1706,🟢 Low
181,0.2478,🟢 Low
182,0.1266,🟢 Low
183,0.5475,🟡 Medium
184,0.0887,🟢 Low
185,0.1657,🟢 Low
186,0.2569,🟢 Low
187,0.3568,🟡 Medium
188,0.4877,🟡 Medium
189,0.1812,🟢 Low
190,0.7044,🔴 High
191,0.5501,🟡 Medium
192,0.1934,🟢 Low
193,0.5543,🟡 Medium
194,0.7777,🔴 High
195,0.5152,🟡 Medium
196,0.8554,🔴 High
197,0.0381,🟢 Low
198,0.2536,🟢 Low
199,0.9186,🔴 High
200,0.4984,🟡 Medium
201,0.8188,🔴 High
202,0.2461,🟢 Low
203,0.4684,🟡 Medium
204,0.1138,🟢 Low
205,0.5871,🟡 Medium
206,0.7507,🔴 High
207,0.3116,🟢 Low
208,0.1203,🟢 Low
209,0.6669,🔴 High
210,0.0609,🟢 Low
211,0.1468,🟢 Low
212,0.9058,🔴 High
213,0.9175,🔴 High
214,0.8879,🔴 High
215,0.4095,🟡 Medium
216,0.4177,🟡 Medium
217,0.2246,🟢 Low
218,0.6084,🔴 High
219,0.2102,🟢 Low
220,0.4321,🟡 Medium
221,0.4209,🟡 Medium
222,0.8294,🔴 High
223,0.7396,🔴 High
224,0.3548,🟡 Medium
225,0.9303,🔴 High
226,0.8684,🔴 High
227,0.499,🟡 Medium
228,0.6539,🔴 High
229,0.1494,🟢 Low
230,0.7251,🔴 High
231,0.2766,🟢 Low
232,0.362,🟡 Medium
233,0.0772,🟢 Low
234,0.4116,🟡 Medium
235,0.1404,🟢 Low
236,0.1995,🟢 Low
237,0.2452,🟢 Low
238,0.6378,🔴 High
239,0.5473,🟡 Medium
240,0.5765,🟡 Medium
241,0.6044,🔴 High
242,0.6922,🔴 High
243,0.1014,🟢 Low
244,0.4485,🟡 Medium
245,0.1994,🟢 Low
246,0.2985,🟢 Low
247,0.5095,🟡 Medium
248,0.8015,🔴 High
249,0.1549,🟢 Low
250,0.5972,🟡 Medium
251,0.6134,🔴 High
252,0.0322,🟢 Low
253,0.164,🟢 Low
254,0.3075,🟢 Low
255,0.3208,🟢 Low
256,0.7511,🔴 High
257,0.2738,🟢 Low
258,0.156,🟢 Low
259,0.346,🟢 Low
260,0.7033,🔴 High
261,0.1015,🟢 Low
262,0.6553,🔴 High
263,0.8336,🔴 High
264,0.566,🟡 Medium
265,0.2611,🟢 Low
266,0.1484,🟢 Low
267,0.2211,🟢 Low
268,0.1228,🟢 Low
269,0.878,🔴 High
270,0.0511,🟢 Low
271,0.7215,🔴 High
272,0.407,🟡 Medium
273,0.4038,🟡 Medium
274,0.174,🟢 Low
275,0.5919,🟡 Medium
276,0.6404,🔴 High
277,0.1743,🟢 Low
278,0.4583,🟡 Medium
279,0.3712,🟡 Medium
280,0.1043,🟢 Low
281,0.1866,🟢 Low
282,0.4632,🟡 Medium
283,0.6042,🔴 High
284,0.4687,🟡 Medium
285,0.6127,🔴 High
286,0.8507,🔴 High
287,0.0507,🟢 Low
288,0.4898,🟡 Medium
289,0.2448,🟢 Low
290,0.3451,🟢 Low
291,0.8495,🔴 High
292,0.9302,🔴 High
293,0.8049,🔴 High
294,0.4103,🟡 Medium
295,0.5644,🟡 Medium
296,0.8577,🔴 High
297,0.8164,🔴 High
298,0.4709,🟡 Medium
299,0.5747,🟡 Medium
300,0.3322,🟢 Low
301,0.0462,🟢 Low
302,0.0598,🟢 Low
303,0.2343,🟢 Low
304,0.4662,🟡 Medium
305,0.7087,🔴 High
306,0.4364,🟡 Medium
307,0.6927,🔴 High
308,0.6669,🔴 High
309,0.4175,🟡 Medium
310,0.353,🟡 Medium
311,0.237,🟢 Low
312,0.4989,🟡 Medium
313,0.2431,🟢 Low
314,0.4467,🟡 Medium
315,0.498,🟡 Medium
316,0.3851,🟡 Medium
317,0.0672,🟢 Low
318,0.7355,🔴 High
319,0.8878,🔴 High
320,0.1574,🟢 Low
321,0.2221,🟢 Low
322,0.8823,🔴 High
323,0.2218,🟢 Low
324,0.6381,🔴 High
325,0.4371,🟡 Medium
326,0.144,🟢 Low
327,0.7062,🔴 High
328,0.0979,🟢 Low
329,0.856,🔴 High
330,0.2686,🟢 Low
331,0.0792,🟢 Low
332,0.6243,🔴 High
333,0.8436,🔴 High
334,0.3601,🟡 Medium
335,0.3294,🟢 Low
336,0.5541,🟡 Medium
337,0.2143,🟢 Low
338,0.8227,🔴 High
339,0.2748,🟢 Low
340,0.1087,🟢 Low
341,0.2928,🟢 Low
342,0.0572,🟢 Low
343,0.0933,🟢 Low
344,0.4555,🟡 Medium
345,0.0421,🟢 Low
346,0.3082,🟢 Low
347,0.1519,🟢 Low
348,0.07,🟢 Low
349,0.9489,🔴 High
350,0.3768,🟡 Medium
351,0.372,🟡 Medium
352,0.8105,🔴 High
353,0.0873,🟢 Low
354,0.9413,🔴 High
355,0.0901,🟢 Low
356,0.6751,🔴 High
357,0.84,🔴 High
358,0.424,🟡 Medium
359,0.8658,🔴 High
360,0.7536,🔴 High
361,0.2604,🟢 Low
362,0.0584,🟢 Low
363,0.5606,🟡 Medium
364,0.4763,🟡 Medium
365,0.7567,🔴 High
366,0.1462,🟢 Low
367,0.105,🟢 Low
368,0.6659,🔴 High
369,0.8867,🔴 High
370,0.1512,🟢 Low
371,0.2748,🟢 Low
372,0.7324,🔴 High
373,0.0548,🟢 Low
374,0.0982,🟢 Low
375,0.6174,🔴 High
376,0.7055,🔴 High
377,0.4667,🟡 Medium
378,0.6953,🔴 High
379,0.1677,🟢 Low
380,0.2325,🟢 Low
381,0.1606,🟢 Low
382,0.229,🟢 Low
383,0.2507,🟢 Low
384,0.2188,🟢 Low
385,0.3973,🟡 Medium
386,0.6829,🔴 High
387,0.9285,🔴 High
388,0.1768,🟢 Low
389,0.1624,🟢 Low
390,0.6666,🔴 High
391,0.267,🟢 Low
392,0.1833,🟢 Low
393,0.4571,🟡 Medium
394,0.0816,🟢 Low
395,0.0773,🟢 Low
396,0.636,🔴 High
397,0.0444,🟢 Low
398,0.4236,🟡 Medium
399,0.3617,🟡 Medium
400,0.0802,🟢 Low
401,0.0602,🟢 Low
402,0.1873,🟢 Low
403,0.1329,🟢 Low
404,0.0383,🟢 Low
405,0.8816,🔴 High
406,0.7475,🔴 High
407,0.5455,🟡 Medium
408,0.8863,🔴 High
409,0.3409,🟢 Low
410,0.1586,🟢 Low
411,0.2981,🟢 Low
412,0.5098,🟡 Medium
413,0.4021,🟡 Medium
414,0.0482,🟢 Low
415,0.611,🔴 High
416,0.5492,🟡 Medium
417,0.4284,🟡 Medium
418,0.8999,🔴 High
419,0.2803,🟢 Low
420,0.8596,🔴 High
421,0.4618,🟡 Medium
422,0.6431,🔴 High
423,0.1016,🟢 Low
424,0.4183,🟡 Medium
425,0.7489,🔴 High
426,0.5881,🟡 Medium
427,0.4445,🟡 Medium
428,0.0434,🟢 Low
429,0.722,🔴 High
430,0.0293,🟢 Low
431,0.1663,🟢 Low
432,0.0481,🟢 Low
433,0.4018,🟡 Medium
434,0.6549,🔴 High
435,0.0591,🟢 Low
436,0.9061,🔴 High
437,0.064,🟢 Low
438,0.8245,🔴 High
439,0.1244,🟢 Low
440,0.2603,🟢 Low
441,0.4836,🟡 Medium
442,0.2451,🟢 Low
443,0.7853,🔴 High
444,0.449,🟡 Medium
445,0.8797,🔴 High
446,0.1969,🟢 Low
447,0.5684,🟡 Medium
448,0.7477,🔴 High
449,0.9337,🔴 High
450,0.1307,🟢 Low
451,0.776,🔴 High
452,0.0709,🟢 Low
453,0.3131,🟢 Low
454,0.1104,🟢 Low
455,0.4738,🟡 Medium
456,0.2303,🟢 Low
457,0.552,🟡 Medium
458,0.9576,🔴 High
459,0.5648,🟡 Medium
460,0.1037,🟢 Low
461,0.2629,🟢 Low
462,0.3123,🟢 Low
463,0.1505,🟢 Low
464,0.8838,🔴 High
465,0.9261,🔴 High
466,0.3679,🟡 Medium
467,0.271,🟢 Low
468,0.4585,🟡 Medium
469,0.3099,🟢 Low
470,0.2241,🟢 Low
471,0.3582,🟡 Medium
472,0.1586,🟢 Low
473,0.5861,🟡 Medium
474,0.1027,🟢 Low
475,0.2127,🟢 Low
476,0.2057,🟢 Low
477,0.3451,🟢 Low
478,0.3715,🟡 Medium
479,0.7805,🔴 High
480,0.5745,🟡 Medium
481,0.4171,🟡 Medium
482,0.3652,🟡 Medium
483,0.405,🟡 Medium
484,0.492,🟡 Medium
485,0.9156,🔴 High
486,0.5928,🟡 Medium
487,0.8654,🔴 High
488,0.486,🟡 Medium
489,0.3745,🟡 Medium
490,0.5786,🟡 Medium
491,0.641,🔴 High
492,0.569,🟡 Medium
493,0.1252,🟢 Low
494,0.1292,🟢 Low
495,0.1952,🟢 Low
496,0.8763,🔴 High
497,0.7917,🔴 High
498,0.5594,🟡 Medium
499,0.0377,🟢 Low
500,0.2813,🟢 Low
501,0.8189,🔴 High
502,0.1132,🟢 Low
503,0.1377,🟢 Low
504,0.8908,🔴 High
505,0.5211,🟡 Medium
506,0.0444,🟢 Low
507,0.3528,🟡 Medium
508,0.2748,🟢 Low
509,0.1212,🟢 Low
510,0.4417,🟡 Medium
511,0.0334,🟢 Low
512,0.4342,🟡 Medium
513,0.0785,🟢 Low
514,0.0305,🟢 Low
515,0.3549,🟡 Medium
516,0.204,🟢 Low
517,0.7735,🔴 High
518,0.8894,🔴 High
519,0.6429,🔴 High
520,0.2667,🟢 Low
521,0.57,🟡 Medium
522,0.3239,🟢 Low
523,0.8398,🔴 High
524,0.5501,🟡 Medium
525,0.2686,🟢 Low
526,0.2983,🟢 Low
527,0.5657,🟡 Medium
528,0.8367,🔴 High
529,0.1927,🟢 Low
530,0.2292,🟢 Low
531,0.5906,🟡 Medium
532,0.4771,🟡 Medium
533,0.0963,🟢 Low
534,0.7435,🔴 High
535,0.1043,🟢 Low
536,0.2437,🟢 Low
537,0.1404,🟢 Low
538,0.7671,🔴 High
539,0.3043,🟢 Low
540,0.4206,🟡 Medium
541,0.2699,🟢 Low
542,0.3333,🟢 Low
543,0.1606,🟢 Low
544,0.6175,🔴 High
545,0.9491,🔴 High
546,0.8773,🔴 High
547,0.2505,🟢 Low
548,0.1762,🟢 Low
549,0.4972,🟡 Medium
550,0.124,🟢 Low
551,0.6991,🔴 High
552,0.3012,🟢 Low
553,0.7077,🔴 High
554,0.1816,🟢 Low
555,0.5723,🟡 Medium
556,0.5377,🟡 Medium
557,0.5656,🟡 Medium
558,0.675,🔴 High
559,0.2265,🟢 Low
560,0.6231,🔴 High
561,0.1461,🟢 Low
562,0.0783,🟢 Low
563,0.4021,🟡 Medium
564,0.2077,🟢 Low
565,0.1793,🟢 Low
566,0.1574,🟢 Low
567,0.682,🔴 High
568,0.1577,🟢 Low
569,0.7464,🔴 High
570,0.6625,🔴 High
571,0.6932,🔴 High
572,0.793,🔴 High
573,0.42,🟡 Medium
574,0.684,🔴 High
575,0.8367,🔴 High
576,0.4916,🟡 Medium
577,0.8603,🔴 High
578,0.1567,🟢 Low
579,0.2312,🟢 Low
580,0.1526,🟢 Low
581,0.2555,🟢 Low
582,0.6925,🔴 High
583,0.6597,🔴 High
584,0.1675,🟢 Low
585,0.5985,🟡 Medium
586,0.6498,🔴 High
587,0.7351,🔴 High
588,0.734,🔴 High
589,0.3889,🟡 Medium
590,0.3631,🟡 Medium
591,0.73,🔴 High
592,0.2534,🟢 Low
593,0.0496,🟢 Low
594,0.3809,🟡 Medium
595,0.1252,🟢 Low
596,0.4496,🟡 Medium
597,0.6248,🔴 High
598,0.8029,🔴 High
599,0.2556,🟢 Low
600,0.7702,🔴 High
601,0.78,🔴 High
602,0.092,🟢 Low
603,0.4438,🟡 Medium
604,0.4122,🟡 Medium
605,0.1906,🟢 Low
606,0.2117,🟢 Low
607,0.0741,🟢 Low
608,0.8729,🔴 High
609,0.6367,🔴 High
610,0.2282,🟢 Low
611,0.081,🟢 Low
612,0.249,🟢 Low
613,0.576,🟡 Medium
614,0.5212,🟡 Medium
615,0.1304,🟢 Low
616,0.0809,🟢 Low
617,0.3544,🟡 Medium
618,0.1187,🟢 Low
619,0.5362,🟡 Medium
620,0.6792,🔴 High
621,0.7041,🔴 High
622,0.5216,🟡 Medium
623,0.3095,🟢 Low
624,0.5119,🟡 Medium
625,0.9606,🔴 High
626,0.8631,🔴 High
627,0.8734,🔴 High
628,0.0395,🟢 Low
629,0.1442,🟢 Low
630,0.5253,🟡 Medium
631,0.9043,🔴 High
632,0.2565,🟢 Low
633,0.446,🟡 Medium
634,0.1147,🟢 Low
635,0.7641,🔴 High
636,0.0932,🟢 Low
637,0.5404,🟡 Medium
638,0.6899,🔴 High
639,0.0344,🟢 Low
640,0.7169,🔴 High
641,0.8075,🔴 High
642,0.8857,🔴 High
643,0.7156,🔴 High
644,0.7955,🔴 High
645,0.6874,🔴 High
646,0.5326,🟡 Medium
647,0.0681,🟢 Low
648,0.9645,🔴 High
649,0.2767,🟢 Low
650,0.424,🟡 Medium
651,0.2074,🟢 Low
652,0.6516,🔴 High
653,0.0197,🟢 Low
654,0.2557,🟢 Low
655,0.6141,🔴 High
656,0.7285,🔴 High
657,0.6503,🔴 High
658,0.1555,🟢 Low
659,0.1575,🟢 Low
660,0.4533,🟡 Medium
661,0.5024,🟡 Medium
662,0.3634,🟡 Medium
663,0.1935,🟢 Low
664,0.7415,🔴 High
665,0.7632,🔴 High
666,0.664,🔴 High
667,0.3071,🟢 Low
668,0.0941,🟢 Low
669,0.7889,🔴 High
670,0.5101,🟡 Medium
671,0.4132,🟡 Medium
672,0.1373,🟢 Low
673,0.2778,🟢 Low
674,0.3169,🟢 Low
675,0.1628,🟢 Low
676,0.4634,🟡 Medium
677,0.654,🔴 High
678,0.9704,🔴 High
679,0.7285,🔴 High
680,0.5478,🟡 Medium
681,0.0931,🟢 Low
682,0.881,🔴 High
683,0.4682,🟡 Medium
684,0.5001,🟡 Medium
685,0.7718,🔴 High
686,0.075,🟢 Low
687,0.3899,🟡 Medium
688,0.3495,🟢 Low
689,0.4936,🟡 Medium
690,0.5634,🟡 Medium
691,0.8336,🔴 High
692,0.3016,🟢 Low
693,0.0998,🟢 Low
694,0.3279,🟢 Low
695,0.6904,🔴 High
696,0.8287,🔴 High
697,0.6373,🔴 High
698,0.4054,🟡 Medium
699,0.1202,🟢 Low
700,0.5001,🟡 Medium
701,0.3593,🟡 Medium
702,0.1373,🟢 Low
703,0.4669,🟡 Medium
704,0.2557,🟢 Low
705,0.6903,🔴 High
706,0.8252,🔴 High
707,0.1985,🟢 Low
708,0.5282,🟡 Medium
709,0.8027,🔴 High
710,0.058,🟢 Low
711,0.5127,🟡 Medium
712,0.1143,🟢 Low
713,0.2754,🟢 Low
714,0.313,🟢 Low
715,0.2468,🟢 Low
716,0.2574,🟢 Low
717,0.3365,🟢 Low
718,0.2647,🟢 Low
719,0.4624,🟡 Medium
720,0.0978,🟢 Low
721,0.6038,🔴 High
722,0.3349,🟢 Low
723,0.8186,🔴 High
724,0.1357,🟢 Low
725,0.0546,🟢 Low
726,0.6212,🔴 High
727,0.2375,🟢 Low
728,0.6895,🔴 High
729,0.5962,🟡 Medium
730,0.7046,🔴 High
731,0.5873,🟡 Medium
732,0.3044,🟢 Low
733,0.0527,🟢 Low
734,0.3569,🟡 Medium
735,0.8168,🔴 High
736,0.4531,🟡 Medium
737,0.7946,🔴 High
738,0.0538,🟢 Low
739,0.4617,🟡 Medium
740,0.6052,🔴 High
741,0.1198,🟢 Low
742,0.7367,🔴 High
743,0.4735,🟡 Medium
744,0.3389,🟢 Low
745,0.4473,🟡 Medium
746,0.0329,🟢 Low
747,0.2764,🟢 Low
748,0.2647,🟢 Low
749,0.5626,🟡 Medium
750,0.3579,🟡 Medium
751,0.8328,🔴 High
752,0.2863,🟢 Low
753,0.0646,🟢 Low
754,0.7251,🔴 High
755,0.4155,🟡 Medium
756,0.5163,🟡 Medium
757,0.6205,🔴 High
758,0.9109,🔴 High
759,0.8297,🔴 High
760,0.5118,🟡 Medium
761,0.227,🟢 Low
762,0.2809,🟢 Low
763,0.3117,🟢 Low
764,0.2906,🟢 Low
765,0.5581,🟡 Medium
766,0.1241,🟢 Low
767,0.5595,🟡 Medium
768,0.5628,🟡 Medium
769,0.087,🟢 Low
770,0.1393,🟢 Low
771,0.4032,🟡 Medium
772,0.8071,🔴 High
773,0.6709,🔴 High
774,0.101,🟢 Low
775,0.1054,🟢 Low
776,0.4658,🟡 Medium
777,0.1402,🟢 Low
778,0.2763,🟢 Low
779,0.6558,🔴 High
780,0.0751,🟢 Low
781,0.4747,🟡 Medium
782,0.1285,🟢 Low
783,0.2909,🟢 Low
784,0.3008,🟢 Low
785,0.3907,🟡 Medium
786,0.3094,🟢 Low
787,0.5016,🟡 Medium
788,0.236,🟢 Low
789,0.5254,🟡 Medium
790,0.2717,🟢 Low
791,0.626,🔴 High
792,0.0673,🟢 Low
793,0.4878,🟡 Medium
794,0.1542,🟢 Low
795,0.8378,🔴 High
796,0.18,🟢 Low
797,0.3492,🟢 Low
798,0.4236,🟡 Medium
799,0.2784,🟢 Low
800,0.0471,🟢 Low
801,0.0464,🟢 Low
802,0.3973,🟡 Medium
803,0.3746,🟡 Medium
804,0.7545,🔴 High
805,0.1424,🟢 Low
806,0.0971,🟢 Low
807,0.3752,🟡 Medium
808,0.2992,🟢 Low
809,0.6177,🔴 High
810,0.1892,🟢 Low
811,0.7934,🔴 High
812,0.8241,🔴 High
813,0.4379,🟡 Medium
814,0.8897,🔴 High
815,0.759,🔴 High
816,0.4964,🟡 Medium
817,0.1129,🟢 Low
818,0.2927,🟢 Low
819,0.5194,🟡 Medium
820,0.1338,🟢 Low
821,0.3434,🟢 Low
822,0.4799,🟡 Medium
823,0.1262,🟢 Low
824,0.7304,🔴 High
825,0.273,🟢 Low
826,0.3361,🟢 Low
827,0.1494,🟢 Low
828,0.3022,🟢 Low
829,0.1617,🟢 Low
830,0.5812,🟡 Medium
831,0.4706,🟡 Medium
832,0.699,🔴 High
833,0.1081,🟢 Low
834,0.4421,🟡 Medium
835,0.6158,🔴 High
836,0.2807,🟢 Low
837,0.0574,🟢 Low
838,0.4164,🟡 Medium
839,0.3025,🟢 Low
840,0.054,🟢 Low
841,0.4015,🟡 Medium
842,0.51,🟡 Medium
843,0.2476,🟢 Low
844,0.0428,🟢 Low
845,0.3605,🟡 Medium
846,0.5414,🟡 Medium
847,0.5448,🟡 Medium
848,0.2952,🟢 Low
849,0.0502,🟢 Low
850,0.4913,🟡 Medium
851,0.0739,🟢 Low
852,0.402,🟡 Medium
853,0.3586,🟡 Medium
854,0.1571,🟢 Low
855,0.1056,🟢 Low
856,0.426,🟡 Medium
857,0.1647,🟢 Low
858,0.2328,🟢 Low
859,0.4312,🟡 Medium
860,0.2467,🟢 Low
861,0.3255,🟢 Low
862,0.0707,🟢 Low
863,0.3644,🟡 Medium
864,0.0904,🟢 Low
865,0.2976,🟢 Low
866,0.5019,🟡 Medium
867,0.4252,🟡 Medium
868,0.5977,🟡 Medium
869,0.2456,🟢 Low
870,0.6229,🔴 High
871,0.4913,🟡 Medium
872,0.9239,🔴 High
873,0.0576,🟢 Low
874,0.2307,🟢 Low
875,0.3366,🟢 Low
876,0.4673,🟡 Medium
877,0.4103,🟡 Medium
878,0.5684,🟡 Medium
879,0.1401,🟢 Low
880,0.1657,🟢 Low
881,0.8571,🔴 High
882,0.9383,🔴 High
883,0.719,🔴 High
884,0.8718,🔴 High
885,0.5732,🟡 Medium
886,0.0211,🟢 Low
887,0.5542,🟡 Medium
888,0.6095,🔴 High
889,0.7458,🔴 High
890,0.935,🔴 High
891,0.9017,🔴 High
892,0.0683,🟢 Low
893,0.623,🔴 High
894,0.05,🟢 Low
895,0.7866,🔴 High
896,0.378,🟡 Medium
897,0.2137,🟢 Low
898,0.0581,🟢 Low
899,0.3171,🟢 Low
900,0.4209,🟡 Medium
901,0.1754,🟢 Low
902,0.1192,🟢 Low
903,0.8742,🔴 High
904,0.925,🔴 High
905,0.357,🟡 Medium
906,0.8134,🔴 High
907,0.5082,🟡 Medium
908,0.6867,🔴 High
909,0.1193,🟢 Low
910,0.7273,🔴 High
911,0.0403,🟢 Low
912,0.8788,🔴 High
913,0.7079,🔴 High
914,0.0706,🟢 Low
915,0.9107,🔴 High
916,0.6713,🔴 High
917,0.1385,🟢 Low
918,0.2071,🟢 Low
919,0.0537,🟢 Low
920,0.8901,🔴 High
921,0.4117,🟡 Medium
922,0.0481,🟢 Low
923,0.4414,🟡 Medium
924,0.782,🔴 High
925,0.7638,🔴 High
926,0.3253,🟢 Low
927,0.2097,🟢 Low
928,0.1325,🟢 Low
929,0.1417,🟢 Low
930,0.7154,🔴 High
931,0.8434,🔴 High
932,0.6164,🔴 High
933,0.8203,🔴 High
934,0.4281,🟡 Medium
935,0.0742,🟢 Low
936,0.6771,🔴 High
937,0.5511,🟡 Medium
938,0.4617,🟡 Medium
939,0.1213,🟢 Low
940,0.7455,🔴 High
941,0.4751,🟡 Medium
942,0.5598,🟡 Medium
943,0.0956,🟢 Low
944,0.8391,🔴 High
945,0.7756,🔴 High
946,0.07,🟢 Low
947,0.3288,🟢 Low
948,0.055,🟢 Low
949,0.6409,🔴 High
950,0.1927,🟢 Low
951,0.9717,🔴 High
952,0.7339,🔴 High
953,0.3832,🟡 Medium
954,0.1653,🟢 Low
955,0.2428,🟢 Low
956,0.0578,🟢 Low
957,0.6867,🔴 High
958,0.3501,🟡 Medium
959,0.226,🟢 Low
960,0.6712,🔴 High
961,0.0479,🟢 Low
962,0.6168,🔴 High
963,0.0553,🟢 Low
964,0.0623,🟢 Low
965,0.5361,🟡 Medium
966,0.8019,🔴 High
967,0.7667,🔴 High
968,0.6096,🔴 High
969,0.8843,🔴 High
970,0.6783,🔴 High
971,0.8642,🔴 High
972,0.5598,🟡 Medium
973,0.2021,🟢 Low
974,0.2519,🟢 Low
975,0.1867,🟢 Low
976,0.4402,🟡 Medium
977,0.2772,🟢 Low
978,0.2302,🟢 Low
979,0.4133,🟡 Medium
980,0.1754,🟢 Low
981,0.164,🟢 Low
982,0.2831,🟢 Low
983,0.2316,🟢 Low
984,0.2846,🟢 Low
985,0.4502,🟡 Medium
986,0.1463,🟢 Low
987,0.186,🟢 Low
988,0.6223,🔴 High
989,0.2946,🟢 Low
990,0.8365,🔴 High
991,0.5968,🟡 Medium
992,0.4778,🟡 Medium
993,0.7671,🔴 High
994,0.8615,🔴 High
995,0.3522,🟡 Medium
996,0.5948,🟡 Medium
997,0.1389,🟢 Low
998,0.2247,🟢 Low
999,0.2387,🟢 Low
1000,0.1632,🟢 Low
1001,0.5307,🟡 Medium
1002,0.5368,🟡 Medium
1003,0.049,🟢 Low
1004,0.9695,🔴 High
1005,0.5363,🟡 Medium
1006,0.623,🔴 High
1007,0.0861,🟢 Low
1008,0.671,🔴 High
1009,0.6772,🔴 High
1010,0.7501,🔴 High
1011,0.0708,🟢 Low
1012,0.196,🟢 Low
1013,0.3375,🟢 Low
1014,0.5646,🟡 Medium
1015,0.1304,🟢 Low
1016,0.7988,🔴 High
1017,0.3323,🟢 Low
1018,0.4362,🟡 Medium
1019,0.1887,🟢 Low
1020,0.0477,🟢 Low
1021,0.0392,🟢 Low
1022,0.5908,🟡 Medium
1023,0.1013,🟢 Low
1024,0.0783,🟢 Low
1025,0.8323,🔴 High
1026,0.5205,🟡 Medium
1027,0.4526,🟡 Medium
1028,0.7493,🔴 High
1029,0.6274,🔴 High
1030,0.7478,🔴 High
1031,0.8691,🔴 High
1032,0.493,🟡 Medium
1033,0.1348,🟢 Low
1034,0.5505,🟡 Medium
1035,0.2446,🟢 Low
1036,0.1055,🟢 Low
1037,0.3425,🟢 Low
1038,0.224,🟢 Low
1039,0.2625,🟢 Low
1040,0.2068,🟢 Low
1041,0.3998,🟡 Medium
1042,0.213,🟢 Low
1043,0.0502,🟢 Low
1044,0.0435,🟢 Low
1045,0.5304,🟡 Medium
1046,0.9614,🔴 High
1047,0.0399,🟢 Low
1048,0.1052,🟢 Low
1049,0.7219,🔴 High
1050,0.0725,🟢 Low
1051,0.778,🔴 High
1052,0.2703,🟢 Low
1053,0.685,🔴 High
1054,0.8759,🔴 High
1055,0.7068,🔴 High
1056,0.1281,🟢 Low
1057,0.4153,🟡 Medium
1058,0.2982,🟢 Low
1059,0.0469,🟢 Low
1060,0.6675,🔴 High
1061,0.1745,🟢 Low
1062,0.6859,🔴 High
1063,0.633,🔴 High
1064,0.7493,🔴 High
1065,0.8173,🔴 High
1066,0.742,🔴 High
1067,0.1458,🟢 Low
1068,0.3075,🟢 Low
1069,0.254,🟢 Low
1070,0.3874,🟡 Medium
1071,0.4709,🟡 Medium
1072,0.8132,🔴 High
1073,0.8635,🔴 High
1074,0.0654,🟢 Low
1075,0.0601,🟢 Low
1076,0.6913,🔴 High
1077,0.5135,🟡 Medium
1078,0.4421,🟡 Medium
1079,0.052,🟢 Low
1080,0.2348,🟢 Low
1081,0.2199,🟢 Low
1082,0.9255,🔴 High
1083,0.3541,🟡 Medium
1084,0.3152,🟢 Low
1085,0.6771,🔴 High
1086,0.0608,🟢 Low
1087,0.6287,🔴 High
1088,0.273,🟢 Low
1089,0.8145,🔴 High
1090,0.4938,🟡 Medium
1091,0.9134,🔴 High
1092,0.0689,🟢 Low
1093,0.1169,🟢 Low
1094,0.2201,🟢 Low
1095,0.383,🟡 Medium
1096,0.3522,🟡 Medium
1097,0.7771,🔴 High
1098,0.4717,🟡 Medium
1099,0.1394,🟢 Low
1100,0.2602,🟢 Low
1101,0.3859,🟡 Medium
1102,0.6824,🔴 High
1103,0.57,🟡 Medium
1104,0.0782,🟢 Low
1105,0.7385,🔴 High
1106,0.19,🟢 Low
1107,0.4226,🟡 Medium
1108,0.1747,🟢 Low
1109,0.8777,🔴 High
1110,0.5018,🟡 Medium
1111,0.5804,🟡 Medium
1112,0.2558,🟢 Low
1113,0.7047,🔴 High
1114,0.3175,🟢 Low
1115,0.8802,🔴 High
1116,0.2925,🟢 Low
1117,0.5266,🟡 Medium
1118,0.2043,🟢 Low
1119,0.4562,🟡 Medium
1120,0.8381,🔴 High
1121,0.0788,🟢 Low
1122,0.3455,🟢 Low
1123,0.0498,🟢 Low
1124,0.871,🔴 High
1125,0.3114,🟢 Low
1126,0.6967,🔴 High
1127,0.3749,🟡 Medium
1128,0.0582,🟢 Low
1129,0.1443,🟢 Low
1130,0.1324,🟢 Low
1131,0.1286,🟢 Low
1132,0.3766,🟡 Medium
1133,0.1394,🟢 Low
1134,0.0501,🟢 Low
1135,0.0504,🟢 Low
1136,0.4876,🟡 Medium
1137,0.4808,🟡 Medium
1138,0.206,🟢 Low
1139,0.6466,🔴 High
1140,0.456,🟡 Medium
1141,0.2715,🟢 Low
1142,0.8971,🔴 High
1143,0.6867,🔴 High
1144,0.8659,🔴 High
1145,0.0759,🟢 Low
1146,0.7579,🔴 High
1147,0.0502,🟢 Low
1148,0.0777,🟢 Low
1149,0.2609,🟢 Low
1150,0.4043,🟡 Medium
1151,0.1519,🟢 Low
1152,0.5212,🟡 Medium
1153,0.324,🟢 Low
1154,0.1414,🟢 Low
1155,0.2831,🟢 Low
1156,0.3344,🟢 Low
1157,0.702,🔴 High
1158,0.0298,🟢 Low
1159,0.8596,🔴 High
1160,0.6542,🔴 High
1161,0.2058,🟢 Low
1162,0.6958,🔴 High
1163,0.3234,🟢 Low
1164,0.5523,🟡 Medium
1165,0.6477,🔴 High
1166,0.8113,🔴 High
1167,0.9293,🔴 High
1168,0.0418,🟢 Low
1169,0.9026,🔴 High
1170,0.1717,🟢 Low
1171,0.6619,🔴 High
1172,0.9324,🔴 High
1173,0.8665,🔴 High
1174,0.4101,🟡 Medium
1175,0.5965,🟡 Medium
1176,0.8823,🔴 High
1177,0.1586,🟢 Low
1178,0.112,🟢 Low
1179,0.0386,🟢 Low
1180,0.7727,🔴 High
1181,0.4954,🟡 Medium
1182,0.785,🔴 High
1183,0.208,🟢 Low
1184,0.3559,🟡 Medium
1185,0.5447,🟡 Medium
1186,0.6634,🔴 High
1187,0.817,🔴 High
1188,0.757,🔴 High
1189,0.2735,🟢 Low
1190,0.3411,🟢 Low
1191,0.1514,🟢 Low
1192,0.054,🟢 Low
1193,0.7049,🔴 High
1194,0.1577,🟢 Low
1195,0.6454,🔴 High
1196,0.2235,🟢 Low
1197,0.7692,🔴 High
1198,0.5456,🟡 Medium
1199,0.2738,🟢 Low
1200,0.7436,🔴 High
1201,0.162,🟢 Low
1202,0.0745,🟢 Low
1203,0.8478,🔴 High
1204,0.2558,🟢 Low
1205,0.216,🟢 Low
1206,0.3204,🟢 Low
1207,0.1309,🟢 Low
1208,0.312,🟢 Low
1209,0.0607,🟢 Low
1210,0.0329,🟢 Low
1211,0.2839,🟢 Low
1212,0.81,🔴 High
1213,0.6211,🔴 High
1214,0.4326,🟡 Medium
1215,0.0578,🟢 Low
1216,0.0381,🟢 Low
1217,0.7128,🔴 High
1218,0.5408,🟡 Medium
1219,0.4995,🟡 Medium
1220,0.3034,🟢 Low
1221,0.03,🟢 Low
1222,0.5098,🟡 Medium
1223,0.3996,🟡 Medium
1224,0.0764,🟢 Low
1225,0.5185,🟡 Medium
1226,0.6594,🔴 High
1227,0.0992,🟢 Low
1228,0.5364,🟡 Medium
1229,0.4075,🟡 Medium
1230,0.2137,🟢 Low
1231,0.8406,🔴 High
1232,0.6118,🔴 High
1233,0.5918,🟡 Medium
1234,0.279,🟢 Low
1235,0.699,🔴 High
1236,0.8097,🔴 High
1237,0.4697,🟡 Medium
1238,0.659,🔴 High
1239,0.371,🟡 Medium
1240,0.7253,🔴 High
1241,0.3385,🟢 Low
1242,0.7465,🔴 High
1243,0.1087,🟢 Low
1244,0.3636,🟡 Medium
1245,0.8181,🔴 High
1246,0.0342,🟢 Low
1247,0.1721,🟢 Low
1248,0.1565,🟢 Low
1249,0.6376,🔴 High
1250,0.4139,🟡 Medium
1251,0.2885,🟢 Low
1252,0.6119,🔴 High
1253,0.1219,🟢 Low
1254,0.7827,🔴 High
1255,0.7891,🔴 High
1256,0.4704,🟡 Medium
1257,0.4506,🟡 Medium
1258,0.169,🟢 Low
1259,0.3365,🟢 Low
1260,0.929,🔴 High
1261,0.5611,🟡 Medium
1262,0.8165,🔴 High
1263,0.0615,🟢 Low
1264,0.0789,🟢 Low
1265,0.394,🟡 Medium
1266,0.3325,🟢 Low
1267,0.8161,🔴 High
1268,0.6597,🔴 High
1269,0.0208,🟢 Low
1270,0.4263,🟡 Medium
1271,0.2222,🟢 Low
1272,0.1443,🟢 Low
1273,0.7618,🔴 High
1274,0.9155,🔴 High
1275,0.0779,🟢 Low
1276,0.3485,🟢 Low
1277,0.8237,🔴 High
1278,0.7805,🔴 High
1279,0.7525,🔴 High
1280,0.4235,🟡 Medium
1281,0.8653,🔴 High
1282,0.4477,🟡 Medium
1283,0.282,🟢 Low
1284,0.2045,🟢 Low
1285,0.252,🟢 Low
1286,0.0461,🟢 Low
1287,0.8729,🔴 High
1288,0.7924,🔴 High
1289,0.6841,🔴 High
1290,0.1177,🟢 Low
1291,0.9705,🔴 High
1292,0.4971,🟡 Medium
1293,0.6238,🔴 High
1294,0.1017,🟢 Low
1295,0.0662,🟢 Low
1296,0.0671,🟢 Low
1297,0.1375,🟢 Low
1298,0.3364,🟢 Low
1299,0.0492,🟢 Low
1300,0.0464,🟢 Low
1301,0.086,🟢 Low
1302,0.9266,🔴 High
1303,0.57,🟡 Medium
1304,0.6729,🔴 High
1305,0.5431,🟡 Medium
1306,0.0802,🟢 Low
1307,0.4011,🟡 Medium
1308,0.0778,🟢 Low
1309,0.03,🟢 Low
1310,0.7419,🔴 High
1311,0.3013,🟢 Low
1312,0.2141,🟢 Low
1313,0.3576,🟡 Medium
1314,0.2101,🟢 Low
1315,0.6692,🔴 High
1316,0.8973,🔴 High
1317,0.1933,🟢 Low
1318,0.4514,🟡 Medium
1319,0.1267,🟢 Low
1320,0.7928,🔴 High
1321,0.0675,🟢 Low
1322,0.2521,🟢 Low
1323,0.159,🟢 Low
1324,0.0865,🟢 Low
1325,0.0869,🟢 Low
1326,0.7287,🔴 High
1327,0.129,🟢 Low
1328,0.4313,🟡 Medium
1329,0.2311,🟢 Low
1330,0.038,🟢 Low
1331,0.3893,🟡 Medium
1332,0.4532,🟡 Medium
1333,0.9546,🔴 High
1334,0.8609,🔴 High
1335,0.2588,🟢 Low
1336,0.8824,🔴 High
1337,0.2681,🟢 Low
1338,0.3013,🟢 Low
1339,0.9342,🔴 High
1340,0.2165,🟢 Low
1341,0.325,🟢 Low
1342,0.0993,🟢 Low
1343,0.0585,🟢 Low
1344,0.0715,🟢 Low
1345,0.0337,🟢 Low
1346,0.1655,🟢 Low
1347,0.4712,🟡 Medium
1348,0.3364,🟢 Low
1349,0.7386,🔴 High
1350,0.8385,🔴 High
1351,0.8173,🔴 High
1352,0.0615,🟢 Low
1353,0.5859,🟡 Medium
1354,0.6429,🔴 High
1355,0.3386,🟢 Low
1356,0.0674,🟢 Low
1357,0.8431,🔴 High
1358,0.0495,🟢 Low
1359,0.5965,🟡 Medium
1360,0.6724,🔴 High
1361,0.1553,🟢 Low
1362,0.3503,🟡 Medium
1363,0.2861,🟢 Low
1364,0.1295,🟢 Low
1365,0.1973,🟢 Low
1366,0.4241,🟡 Medium
1367,0.1125,🟢 Low
1368,0.7088,🔴 High
1369,0.347,🟢 Low
1370,0.6668,🔴 High
1371,0.0546,🟢 Low
1372,0.1447,🟢 Low
1373,0.3058,🟢 Low
1374,0.502,🟡 Medium
1375,0.8291,🔴 High
1376,0.1825,🟢 Low
1377,0.7306,🔴 High
1378,0.4702,🟡 Medium
1379,0.3389,🟢 Low
1380,0.7912,🔴 High
1381,0.0848,🟢 Low
1382,0.0692,🟢 Low
1383,0.2793,🟢 Low
1384,0.9283,🔴 High
1385,0.0417,🟢 Low
1386,0.1212,🟢 Low
1387,0.8186,🔴 High
1388,0.2674,🟢 Low
1389,0.7226,🔴 High
1390,0.2377,🟢 Low
1391,0.4109,🟡 Medium
1392,0.0677,🟢 Low
1393,0.4986,🟡 Medium
1394,0.1213,🟢 Low
1395,0.5722,🟡 Medium
1396,0.2574,🟢 Low
1397,0.1341,🟢 Low
1398,0.1116,🟢 Low
1399,0.7937,🔴 High
1400,0.1018,🟢 Low
1401,0.3266,🟢 Low
1402,0.3912,🟡 Medium
1403,0.8711,🔴 High
1404,0.6997,🔴 High
1405,0.2256,🟢 Low
1406,0.0579,🟢 Low
1407,0.6408,🔴 High
1408,0.8103,🔴 High
1409,0.1616,🟢 Low
1410,0.2421,🟢 Low
1411,0.7286,🔴 High
1412,0.4324,🟡 Medium
1413,0.2054,🟢 Low
1414,0.5295,🟡 Medium
1415,0.0627,🟢 Low
1416,0.1413,🟢 Low
1417,0.2924,🟢 Low
1418,0.3576,🟡 Medium
1419,0.3313,🟢 Low
1420,0.8716,🔴 High
1421,0.6497,🔴 High
1422,0.6299,🔴 High
1423,0.3277,🟢 Low
1424,0.8144,🔴 High
1425,0.1724,🟢 Low
1426,0.3176,🟢 Low
1427,0.1119,🟢 Low
1428,0.0779,🟢 Low
1429,0.1685,🟢 Low
1430,0.5861,🟡 Medium
1431,0.045,🟢 Low
1432,0.2758,🟢 Low
1433,0.4544,🟡 Medium
1434,0.1081,🟢 Low
1435,0.7567,🔴 High
1436,0.1264,🟢 Low
1437,0.8798,🔴 High
1438,0.0508,🟢 Low
1439,0.1436,🟢 Low
1440,0.2652,🟢 Low
1441,0.7995,🔴 High
1442,0.6602,🔴 High
1443,0.2043,🟢 Low
1444,0.3712,🟡 Medium
1445,0.1899,🟢 Low
1446,0.6684,🔴 High
1447,0.4862,🟡 Medium
1448,0.1847,🟢 Low
1449,0.3617,🟡 Medium
1450,0.4081,🟡 Medium
1451,0.2102,🟢 Low
1452,0.3764,🟡 Medium
1453,0.067,🟢 Low
1454,0.2584,🟢 Low
1455,0.7454,🔴 High
1456,0.6858,🔴 High
1457,0.1993,🟢 Low
1458,0.0595,🟢 Low
1459,0.131,🟢 Low
1460,0.2952,🟢 Low
1461,0.5101,🟡 Medium
1462,0.3702,🟡 Medium
1463,0.8502,🔴 High
1464,0.5557,🟡 Medium
1465,0.5081,🟡 Medium
1466,0.0726,🟢 Low
1467,0.2618,🟢 Low
1468,0.3918,🟡 Medium
1469,0.9256,🔴 High
1470,0.1388,🟢 Low
1471,0.5137,🟡 Medium
1472,0.3559,🟡 Medium
1473,0.7979,🔴 High
1474,0.2111,🟢 Low
1475,0.1229,🟢 Low
1476,0.6332,🔴 High
1477,0.1587,🟢 Low
1478,0.567,🟡 Medium
1479,0.68,🔴 High
1480,0.459,🟡 Medium
1481,0.3125,🟢 Low
1482,0.0561,🟢 Low
1483,0.0708,🟢 Low
1484,0.1304,🟢 Low
1485,0.8853,🔴 High
1486,0.6824,🔴 High
1487,0.3954,🟡 Medium
1488,0.3275,🟢 Low
1489,0.568,🟡 Medium
1490,0.3834,🟡 Medium
1491,0.3489,🟢 Low
1492,0.0883,🟢 Low
1493,0.5002,🟡 Medium
1494,0.3927,🟡 Medium
1495,0.0524,🟢 Low
1496,0.7118,🔴 High
1497,0.1791,🟢 Low
1498,0.305,🟢 Low
1499,0.0383,🟢 Low
1500,0.5363,🟡 Medium
1501,0.6145,🔴 High
1502,0.0813,🟢 Low
1503,0.109,🟢 Low
1504,0.3744,🟡 Medium
1505,0.1906,🟢 Low
1506,0.0921,🟢 Low
1507,0.7141,🔴 High
1508,0.7566,🔴 High
1509,0.6762,🔴 High
1510,0.1026,🟢 Low
1511,0.7376,🔴 High
1512,0.9362,🔴 High
1513,0.2483,🟢 Low
1514,0.04,🟢 Low
1515,0.1734,🟢 Low
1516,0.584,🟡 Medium
1517,0.9027,🔴 High
1518,0.2066,🟢 Low
1519,0.2152,🟢 Low
1520,0.7806,🔴 High
1521,0.1624,🟢 Low
1522,0.7579,🔴 High
1523,0.2955,🟢 Low
1524,0.5937,🟡 Medium
1525,0.0709,🟢 Low
1526,0.1542,🟢 Low
1527,0.5749,🟡 Medium
1528,0.1197,🟢 Low
1529,0.626,🔴 High
1530,0.3473,🟢 Low
1531,0.75,🔴 High
1532,0.3928,🟡 Medium
1533,0.201,🟢 Low
1534,0.1162,🟢 Low
1535,0.1041,🟢 Low
1536,0.0802,🟢 Low
1537,0.643,🔴 High
1538,0.6379,🔴 High
1539,0.3277,🟢 Low
1540,0.7844,🔴 High
1541,0.2385,🟢 Low
1542,0.8501,🔴 High
1543,0.0381,🟢 Low
1544,0.0963,🟢 Low
1545,0.2485,🟢 Low
1546,0.1219,🟢 Low
1547,0.7455,🔴 High
1548,0.2227,🟢 Low
1549,0.4282,🟡 Medium
1550,0.8295,🔴 High
1551,0.0811,🟢 Low
1552,0.4226,🟡 Medium
1553,0.6506,🔴 High
1554,0.8735,🔴 High
1555,0.5773,🟡 Medium
1556,0.3998,🟡 Medium
1557,0.204,🟢 Low
1558,0.2508,🟢 Low
1559,0.7555,🔴 High
1560,0.0559,🟢 Low
1561,0.7385,🔴 High
1562,0.7483,🔴 High
1563,0.3701,🟡 Medium
1564,0.0461,🟢 Low
1565,0.4668,🟡 Medium
1566,0.5001,🟡 Medium
1567,0.3287,🟢 Low
1568,0.481,🟡 Medium
1569,0.3791,🟡 Medium
1570,0.2973,🟢 Low
1571,0.0494,🟢 Low
1572,0.5219,🟡 Medium
1573,0.2149,🟢 Low
1574,0.801,🔴 High
1575,0.4204,🟡 Medium
1576,0.1436,🟢 Low
1577,0.4892,🟡 Medium
1578,0.1163,🟢 Low
1579,0.3812,🟡 Medium
1580,0.6869,🔴 High
1581,0.2044,🟢 Low
1582,0.173,🟢 Low
1583,0.1279,🟢 Low
1584,0.0895,🟢 Low
1585,0.0541,🟢 Low
1586,0.221,🟢 Low
1587,0.7946,🔴 High
1588,0.0554,🟢 Low
1589,0.5919,🟡 Medium
1590,0.3884,🟡 Medium
1591,0.2058,🟢 Low
1592,0.0641,🟢 Low
1593,0.2015,🟢 Low
1594,0.0979,🟢 Low
1595,0.542,🟡 Medium
1596,0.2194,🟢 Low
1597,0.6372,🔴 High
1598,0.6106,🔴 High
1599,0.112,🟢 Low
1600,0.1709,🟢 Low
1601,0.4456,🟡 Medium
1602,0.4472,🟡 Medium
1603,0.6714,🔴 High
1604,0.6957,🔴 High
1605,0.0448,🟢 Low
1606,0.7709,🔴 High
1607,0.1805,🟢 Low
1608,0.1768,🟢 Low
1609,0.9282,🔴 High
1610,0.6621,🔴 High
1611,0.3027,🟢 Low
1612,0.6239,🔴 High
1613,0.8435,🔴 High
1614,0.9055,🔴 High
1615,0.758,🔴 High
1616,0.1115,🟢 Low
1617,0.9411,🔴 High
1618,0.4627,🟡 Medium
1619,0.9271,🔴 High
1620,0.2568,🟢 Low
1621,0.3894,🟡 Medium
1622,0.1113,🟢 Low
1623,0.193,🟢 Low
1624,0.2017,🟢 Low
1625,0.1903,🟢 Low
1626,0.2687,🟢 Low
1627,0.9535,🔴 High
1628,0.9293,🔴 High
1629,0.4158,🟡 Medium
1630,0.0937,🟢 Low
1631,0.0926,🟢 Low
1632,0.6772,🔴 High
1633,0.4204,🟡 Medium
1634,0.1797,🟢 Low
1635,0.7524,🔴 High
1636,0.3534,🟡 Medium
1637,0.2944,🟢 Low
1638,0.8359,🔴 High
1639,0.0351,🟢 Low
1640,0.1467,🟢 Low
1641,0.0986,🟢 Low
1642,0.0914,🟢 Low
1643,0.1214,🟢 Low
1644,0.0989,🟢 Low
1645,0.216,🟢 Low
1646,0.5624,🟡 Medium
1647,0.2466,🟢 Low
1648,0.0616,🟢 Low
1649,0.4106,🟡 Medium
1650,0.2432,🟢 Low
1651,0.145,🟢 Low
1652,0.1665,🟢 Low
1653,0.2177,🟢 Low
1654,0.0404,🟢 Low
1655,0.2073,🟢 Low
1656,0.8027,🔴 High
1657,0.0429,🟢 Low
1658,0.7043,🔴 High
1659,0.832,🔴 High
1660,0.2845,🟢 Low
1661,0.8026,🔴 High
1662,0.6436,🔴 High
1663,0.3794,🟡 Medium
1664,0.0839,🟢 Low
1665,0.3022,🟢 Low
1666,0.379,🟡 Medium
1667,0.7581,🔴 High
1668,0.3662,🟡 Medium
1669,0.7094,🔴 High
1670,0.4423,🟡 Medium
1671,0.9485,🔴 High
1672,0.4193,🟡 Medium
1673,0.8083,🔴 High
1674,0.0899,🟢 Low
1675,0.0883,🟢 Low
1676,0.0682,🟢 Low
1677,0.9126,🔴 High
1678,0.0979,🟢 Low
1679,0.8351,🔴 High
1680,0.3481,🟢 Low
1681,0.5048,🟡 Medium
1682,0.2985,🟢 Low
1683,0.1186,🟢 Low
1684,0.4917,🟡 Medium
1685,0.3157,🟢 Low
1686,0.0538,🟢 Low
1687,0.2247,🟢 Low
1688,0.1044,🟢 Low
1689,0.409,🟡 Medium
1690,0.1396,🟢 Low
1691,0.0538,🟢 Low
1692,0.8196,🔴 High
1693,0.064,🟢 Low
1694,0.7458,🔴 High
1695,0.6407,🔴 High
1696,0.5972,🟡 Medium
1697,0.59,🟡 Medium
1698,0.9083,🔴 High
1699,0.6865,🔴 High
1700,0.7994,🔴 High
1701,0.721,🔴 High
1702,0.4683,🟡 Medium
1703,0.4877,🟡 Medium
1704,0.0534,🟢 Low
1705,0.2235,🟢 Low
1706,0.0924,🟢 Low
1707,0.8281,🔴 High
1708,0.5725,🟡 Medium
1709,0.7812,🔴 High
1710,0.7805,🔴 High
1711,0.7584,🔴 High
1712,0.4424,🟡 Medium
1713,0.5399,🟡 Medium
1714,0.8453,🔴 High
1715,0.5558,🟡 Medium
1716,0.2045,🟢 Low
1717,0.4778,🟡 Medium
1718,0.5384,🟡 Medium
1719,0.5457,🟡 Medium
1720,0.3322,🟢 Low
1721,0.6165,🔴 High
1722,0.5279,🟡 Medium
1723,0.3614,🟡 Medium
1724,0.3547,🟡 Medium
1725,0.049,🟢 Low
1726,0.2736,🟢 Low
1727,0.1019,🟢 Low
1728,0.0629,🟢 Low
1729,0.1257,🟢 Low
1730,0.4206,🟡 Medium
1731,0.8994,🔴 High
1732,0.9311,🔴 High
1733,0.5472,🟡 Medium
1734,0.4922,🟡 Medium
1735,0.3088,🟢 Low
1736,0.4294,🟡 Medium
1737,0.0593,🟢 Low
1738,0.5733,🟡 Medium
1739,0.1754,🟢 Low
1740,0.5302,🟡 Medium
1741,0.0699,🟢 Low
1742,0.677,🔴 High
1743,0.3146,🟢 Low
1744,0.6044,🔴 High
1745,0.1064,🟢 Low
1746,0.2517,🟢 Low
1747,0.49,🟡 Medium
1748,0.468,🟡 Medium
1749,0.7509,🔴 High
1750,0.8519,🔴 High
1751,0.1343,🟢 Low
1752,0.0969,🟢 Low
1753,0.0804,🟢 Low
1754,0.6604,🔴 High
1755,0.2408,🟢 Low
1756,0.3414,🟢 Low
1757,0.0765,🟢 Low
1758,0.0902,🟢 Low
1759,0.24,🟢 Low
1760,0.8643,🔴 High
1761,0.5456,🟡 Medium
1762,0.3937,🟡 Medium
1763,0.3378,🟢 Low
1764,0.8999,🔴 High
1765,0.3181,🟢 Low
1766,0.2035,🟢 Low
1767,0.8892,🔴 High
1768,0.8346,🔴 High
1769,0.8833,🔴 High
1770,0.3652,🟡 Medium
1771,0.2106,🟢 Low
1772,0.0726,🟢 Low
1773,0.5358,🟡 Medium
1774,0.0972,🟢 Low
1775,0.441,🟡 Medium
1776,0.195,🟢 Low
1777,0.1073,🟢 Low
1778,0.0786,🟢 Low
1779,0.3262,🟢 Low
1780,0.0681,🟢 Low
1781,0.634,🔴 High
1782,0.5576,🟡 Medium
1783,0.0983,🟢 Low
1784,0.3845,🟡 Medium
1785,0.1673,🟢 Low
1786,0.2737,🟢 Low
1787,0.8503,🔴 High
1788,0.3651,🟡 Medium
1789,0.366,🟡 Medium
1790,0.4777,🟡 Medium
1791,0.2262,🟢 Low
1792,0.9041,🔴 High
1793,0.2382,🟢 Low
1794,0.0705,🟢 Low
1795,0.4788,🟡 Medium
1796,0.1787,🟢 Low
1797,0.1327,🟢 Low
1798,0.4635,🟡 Medium
1799,0.5671,🟡 Medium
1800,0.1226,🟢 Low
1801,0.058,🟢 Low
1802,0.1122,🟢 Low
1803,0.5169,🟡 Medium
1804,0.5986,🟡 Medium
1805,0.6735,🔴 High
1806,0.3727,🟡 Medium
1807,0.2699,🟢 Low
1808,0.0959,🟢 Low
1809,0.4759,🟡 Medium
1810,0.2485,🟢 Low
1811,0.7646,🔴 High
1812,0.0647,🟢 Low
1813,0.7084,🔴 High
1814,0.2915,🟢 Low
1815,0.101,🟢 Low
1816,0.5143,🟡 Medium
1817,0.0789,🟢 Low
1818,0.6232,🔴 High
1819,0.4211,🟡 Medium
1820,0.7726,🔴 High
1821,0.4586,🟡 Medium
1822,0.6676,🔴 High
1823,0.3471,🟢 Low
1824,0.1848,🟢 Low
1825,0.5923,🟡 Medium
1826,0.3862,🟡 Medium
1827,0.033,🟢 Low
1828,0.6255,🔴 High
1829,0.1487,🟢 Low
1830,0.7481,🔴 High
1831,0.0867,🟢 Low
1832,0.0766,🟢 Low
1833,0.0425,🟢 Low
1834,0.5077,🟡 Medium
1835,0.0447,🟢 Low
1836,0.291,🟢 Low
1837,0.089,🟢 Low
1838,0.7532,🔴 High
1839,0.0928,🟢 Low
1840,0.1996,🟢 Low
1841,0.6432,🔴 High
1842,0.173,🟢 Low
1843,0.3946,🟡 Medium
1844,0.0789,🟢 Low
1845,0.421,🟡 Medium
1846,0.304,🟢 Low
1847,0.0751,🟢 Low
1848,0.0526,🟢 Low
1849,0.6839,🔴 High
1850,0.1862,🟢 Low
1851,0.6041,🔴 High
1852,0.3516,🟡 Medium
1853,0.3692,🟡 Medium
1854,0.8393,🔴 High
1855,0.092,🟢 Low
1856,0.3311,🟢 Low
1857,0.9104,🔴 High
1858,0.4238,🟡 Medium
1859,0.3196,🟢 Low
1860,0.278,🟢 Low
1861,0.8782,🔴 High
1862,0.4457,🟡 Medium
1863,0.2532,🟢 Low
1864,0.5549,🟡 Medium
1865,0.8527,🔴 High
1866,0.3298,🟢 Low
1867,0.2385,🟢 Low
1868,0.351,🟡 Medium
1869,0.3565,🟡 Medium
1870,0.5458,🟡 Medium
1871,0.2591,🟢 Low
1872,0.2798,🟢 Low
1873,0.2558,🟢 Low
1874,0.2548,🟢 Low
1875,0.0292,🟢 Low
1876,0.7223,🔴 High
1877,0.7323,🔴 High
1878,0.1325,🟢 Low
1879,0.9113,🔴 High
1880,0.5834,🟡 Medium
1881,0.1911,🟢 Low
1882,0.5904,🟡 Medium
1883,0.4503,🟡 Medium
1884,0.2401,🟢 Low
1885,0.6604,🔴 High
1886,0.3933,🟡 Medium
1887,0.8423,🔴 High
1888,0.3542,🟡 Medium
1889,0.2786,🟢 Low
1890,0.5297,🟡 Medium
1891,0.6419,🔴 High
1892,0.1402,🟢 Low
1893,0.0854,🟢 Low
1894,0.3921,🟡 Medium
1895,0.9148,🔴 High
1896,0.7109,🔴 High
1897,0.135,🟢 Low
1898,0.0722,🟢 Low
1899,0.5076,🟡 Medium
1900,0.1112,🟢 Low
1901,0.4886,🟡 Medium
1902,0.1657,🟢 Low
1903,0.1165,🟢 Low
1904,0.8377,🔴 High
1905,0.1353,🟢 Low
1906,0.3982,🟡 Medium
1907,0.7355,🔴 High
1908,0.1207,🟢 Low
1909,0.2225,🟢 Low
1910,0.5579,🟡 Medium
1911,0.2182,🟢 Low
1912,0.7038,🔴 High
1913,0.5994,🟡 Medium
1914,0.1034,🟢 Low
1915,0.9597,🔴 High
1916,0.3817,🟡 Medium
1917,0.1217,🟢 Low
1918,0.717,🔴 High
1919,0.3296,🟢 Low
1920,0.6741,🔴 High
1921,0.0394,🟢 Low
1922,0.3028,🟢 Low
1923,0.8195,🔴 High
1924,0.9141,🔴 High
1925,0.0683,🟢 Low
1926,0.7589,🔴 High
1927,0.3004,🟢 Low
1928,0.6601,🔴 High
1929,0.0419,🟢 Low
1930,0.1503,🟢 Low
1931,0.2451,🟢 Low
1932,0.61,🔴 High
1933,0.0597,🟢 Low
1934,0.0686,🟢 Low
1935,0.5709,🟡 Medium
1936,0.3673,🟡 Medium
1937,0.1923,🟢 Low
1938,0.259,🟢 Low
1939,0.4615,🟡 Medium
1940,0.1651,🟢 Low
1941,0.7277,🔴 High
1942,0.0726,🟢 Low
1943,0.8987,🔴 High
1944,0.7696,🔴 High
1945,0.3662,🟡 Medium
1946,0.4387,🟡 Medium
1947,0.18,🟢 Low
1948,0.4119,🟡 Medium
1949,0.5029,🟡 Medium
1950,0.4224,🟡 Medium
1951,0.2211,🟢 Low
1952,0.2492,🟢 Low
1953,0.4904,🟡 Medium
1954,0.5785,🟡 Medium
1955,0.382,🟡 Medium
1956,0.747,🔴 High
1957,0.0963,🟢 Low
1958,0.1452,🟢 Low
1959,0.1798,🟢 Low
1960,0.5478,🟡 Medium
1961,0.2748,🟢 Low
1962,0.2741,🟢 Low
1963,0.6121,🔴 High
1964,0.1295,🟢 Low
1965,0.2417,🟢 Low
1966,0.745,🔴 High
1967,0.0999,🟢 Low
1968,0.1725,🟢 Low
1969,0.2292,🟢 Low
1970,0.4375,🟡 Medium
1971,0.266,🟢 Low
1972,0.6777,🔴 High
1973,0.1155,🟢 Low
1974,0.5953,🟡 Medium
1975,0.2101,🟢 Low
1976,0.4556,🟡 Medium
1977,0.1466,🟢 Low
1978,0.9282,🔴 High
1979,0.1386,🟢 Low
1980,0.4184,🟡 Medium
1981,0.4719,🟡 Medium
1982,0.3485,🟢 Low
1983,0.5108,🟡 Medium
1984,0.361,🟡 Medium
1985,0.6941,🔴 High
1986,0.9061,🔴 High
1987,0.6844,🔴 High
1988,0.7058,🔴 High
1989,0.9035,🔴 High
1990,0.1646,🟢 Low
1991,0.7324,🔴 High
1992,0.8311,🔴 High
1993,0.2641,🟢 Low
1994,0.8924,🔴 High
1995,0.1524,🟢 Low
1996,0.6857,🔴 High
1997,0.2255,🟢 Low
1998,0.6054,🔴 High
1999,0.737,🔴 High
